order_id,order_date,customer_id,product_id,category,quantity,price,amount,payment_method,region
ORD1000,2023-01-01,CUST106,P181,Sports,3,200,600,Debit Card,South
ORD1001,2023-01-02,CUST12,P114,Books,4,262,1048,Debit Card,South
ORD1002,2023-01-03,CUST82,P103,Sports,1,478,478,PayPal,East
ORD1003,2023-01-04,CUST191,P194,Clothing,3,425,1275,UPI,North
ORD1004,2023-01-05,CUST122,P135,Electronics,3,480,1440,PayPal,West
ORD1005,2023-01-06,CUST181,P131,Books,4,170,680,Credit Card,North
ORD1006,2023-01-07,CUST98,P128,Electronics,1,265,265,Credit Card,South
ORD1007,2023-01-08,CUST99,P117,Home,1,332,332,Credit Card,East
ORD1008,2023-01-09,CUST170,P194,Electronics,3,137,411,PayPal,South
ORD1009,2023-01-10,CUST167,P113,Sports,2,27,54,PayPal,West
ORD1010,2023-01-11,CUST39,P186,Books,3,290,870,Debit Card,South
ORD1011,2023-01-12,CUST127,P194,Home,3,499,1497,PayPal,East
ORD1012,2023-01-13,CUST10,P169,Books,3,232,696,Debit Card,South
ORD1013,2023-01-14,CUST33,P111,Books,3,63,189,Debit Card,South
ORD1014,2023-01-15,CUST129,P175,Clothing,4,67,268,Debit Card,North
ORD1015,2023-01-16,CUST152,P154,Electronics,1,332,332,UPI,West
ORD1016,2023-01-17,CUST85,P104,Books,4,369,1476,Credit Card,East
ORD1017,2023-01-18,CUST26,P103,Clothing,4,183,732,Debit Card,West
ORD1018,2023-01-19,CUST113,P111,Electronics,4,289,1156,Debit Card,North
ORD1019,2023-01-20,CUST26,P127,Home,3,123,369,PayPal,South
ORD1020,2023-01-21,CUST135,P129,Electronics,2,297,594,Debit Card,North
ORD1021,2023-01-22,CUST117,P164,Sports,1,440,440,PayPal,South
ORD1022,2023-01-23,CUST4,P177,Clothing,2,351,702,Credit Card,West
ORD1023,2023-01-24,CUST185,P103,Sports,4,160,640,Debit Card,East
ORD1024,2023-01-25,CUST37,P171,Sports,4,459,1836,PayPal,South
ORD1025,2023-01-26,CUST105,P125,Clothing,2,136,272,Credit Card,East
ORD1026,2023-01-27,CUST168,P191,Books,2,164,328,Debit Card,West
ORD1027,2023-01-28,CUST40,P183,Clothing,2,499,998,Credit Card,South
ORD1028,2023-01-29,CUST20,P189,Clothing,4,395,1580,Credit Card,West
ORD1029,2023-01-30,CUST121,P169,Electronics,4,483,1932,Debit Card,East
ORD1030,2023-01-31,CUST68,P153,Books,1,282,282,Debit Card,West
ORD1031,2023-02-01,CUST87,P128,Clothing,1,113,113,Credit Card,South
ORD1032,2023-02-02,CUST160,P157,Home,4,426,1704,PayPal,South
ORD1033,2023-02-03,CUST178,P175,Books,2,402,804,Credit Card,East
ORD1034,2023-02-04,CUST102,P135,Sports,2,308,616,Debit Card,North
ORD1035,2023-02-05,CUST167,P100,Clothing,1,255,255,PayPal,East
ORD1036,2023-02-06,CUST21,P197,Electronics,4,185,740,PayPal,North
ORD1037,2023-02-07,CUST85,P120,Sports,1,48,48,UPI,East
ORD1038,2023-02-08,CUST173,P189,Clothing,1,486,486,UPI,West
ORD1039,2023-02-09,CUST137,P154,Home,3,179,537,Credit Card,South
ORD1040,2023-02-10,CUST98,P143,Sports,3,256,768,UPI,West
ORD1041,2023-02-11,CUST82,P135,Electronics,3,35,105,Credit Card,East
ORD1042,2023-02-12,CUST161,P119,Home,2,364,728,Credit Card,North
ORD1043,2023-02-13,CUST184,P127,Clothing,4,315,1260,UPI,West
ORD1044,2023-02-14,CUST195,P197,Books,4,418,1672,UPI,South
ORD1045,2023-02-15,CUST125,P143,Home,4,417,1668,PayPal,West
ORD1046,2023-02-16,CUST139,P113,Sports,4,22,88,PayPal,South
ORD1047,2023-02-17,CUST10,P111,Electronics,3,325,975,PayPal,West
ORD1048,2023-02-18,CUST159,P148,Sports,2,400,800,Debit Card,West
ORD1049,2023-02-19,CUST18,P112,Electronics,2,322,644,Credit Card,North
ORD1050,2023-02-20,CUST61,P145,Electronics,3,45,135,Credit Card,East
ORD1051,2023-02-21,CUST162,P144,Home,2,182,364,Debit Card,East
ORD1052,2023-02-22,CUST176,P177,Home,3,29,87,UPI,North
ORD1053,2023-02-23,CUST74,P133,Sports,4,330,1320,PayPal,North
ORD1054,2023-02-24,CUST59,P105,Books,3,273,819,UPI,South
ORD1055,2023-02-25,CUST192,P193,Sports,4,409,1636,UPI,South
ORD1056,2023-02-26,CUST24,P158,Books,4,151,604,Credit Card,South
ORD1057,2023-02-27,CUST112,P168,Electronics,1,469,469,UPI,East
ORD1058,2023-02-28,CUST26,P115,Home,3,380,1140,Credit Card,East
ORD1059,2023-03-01,CUST195,P148,Sports,1,480,480,PayPal,South
ORD1060,2023-03-02,CUST163,P110,Sports,3,152,456,PayPal,East
ORD1061,2023-03-03,CUST181,P170,Books,3,101,303,Debit Card,North
ORD1062,2023-03-04,CUST26,P137,Books,1,363,363,Debit Card,West
ORD1063,2023-03-05,CUST114,P180,Electronics,1,331,331,Debit Card,East
ORD1064,2023-03-06,CUST43,P179,Sports,3,297,891,Debit Card,South
ORD1065,2023-03-07,CUST178,P146,Home,2,224,448,Credit Card,South
ORD1066,2023-03-08,CUST77,P173,Books,4,456,1824,PayPal,West
ORD1067,2023-03-09,CUST8,P124,Clothing,1,351,351,Credit Card,East
ORD1068,2023-03-10,CUST12,P190,Books,4,60,240,PayPal,East
ORD1069,2023-03-11,CUST84,P108,Home,2,162,324,UPI,South
ORD1070,2023-03-12,CUST15,P105,Electronics,2,195,390,Debit Card,West
ORD1071,2023-03-13,CUST76,P184,Books,2,72,144,PayPal,South
ORD1072,2023-03-14,CUST92,P129,Clothing,1,199,199,UPI,East
ORD1073,2023-03-15,CUST96,P198,Books,2,134,268,UPI,West
ORD1074,2023-03-16,CUST111,P137,Electronics,1,159,159,Credit Card,East
ORD1075,2023-03-17,CUST38,P110,Home,2,323,646,Credit Card,West
ORD1076,2023-03-18,CUST63,P129,Home,4,67,268,Credit Card,East
ORD1077,2023-03-19,CUST136,P112,Sports,4,351,1404,PayPal,East
ORD1078,2023-03-20,CUST106,P148,Clothing,3,314,942,UPI,North
ORD1079,2023-03-21,CUST145,P135,Clothing,4,189,756,PayPal,South
ORD1080,2023-03-22,CUST175,P158,Books,3,179,537,Credit Card,West
ORD1081,2023-03-23,CUST47,P181,Books,4,335,1340,UPI,West
ORD1082,2023-03-24,CUST44,P146,Clothing,1,280,280,Debit Card,West
ORD1083,2023-03-25,CUST45,P120,Home,4,63,252,UPI,East
ORD1084,2023-03-26,CUST21,P147,Books,3,453,1359,UPI,East
ORD1085,2023-03-27,CUST157,P145,Home,3,110,330,Debit Card,East
ORD1086,2023-03-28,CUST98,P126,Books,2,490,980,UPI,North
ORD1087,2023-03-29,CUST159,P185,Sports,1,273,273,PayPal,East
ORD1088,2023-03-30,CUST175,P134,Books,4,62,248,PayPal,East
ORD1089,2023-03-31,CUST62,P189,Books,2,69,138,PayPal,West
ORD1090,2023-04-01,CUST128,P187,Clothing,4,117,468,UPI,North
ORD1091,2023-04-02,CUST150,P182,Books,4,14,56,PayPal,East
ORD1092,2023-04-03,CUST37,P109,Books,2,112,224,Credit Card,North
ORD1093,2023-04-04,CUST60,P177,Electronics,2,205,410,Credit Card,West
ORD1094,2023-04-05,CUST119,P181,Sports,2,271,542,Debit Card,North
ORD1095,2023-04-06,CUST164,P121,Clothing,2,374,748,Debit Card,North
ORD1096,2023-04-07,CUST66,P168,Clothing,2,489,978,Debit Card,South
ORD1097,2023-04-08,CUST118,P193,Sports,4,381,1524,Credit Card,North
ORD1098,2023-04-09,CUST66,P131,Electronics,2,359,718,PayPal,East
ORD1099,2023-04-10,CUST171,P120,Electronics,1,56,56,Debit Card,South
ORD1100,2023-04-11,CUST3,P159,Sports,3,364,1092,Debit Card,West
ORD1101,2023-04-12,CUST120,P148,Books,2,320,640,Credit Card,West
ORD1102,2023-04-13,CUST74,P134,Books,2,433,866,UPI,West
ORD1103,2023-04-14,CUST174,P181,Home,4,317,1268,Credit Card,East
ORD1104,2023-04-15,CUST140,P188,Sports,2,153,306,UPI,North
ORD1105,2023-04-16,CUST41,P171,Home,2,278,556,UPI,North
ORD1106,2023-04-17,CUST19,P128,Books,2,379,758,PayPal,North
ORD1107,2023-04-18,CUST114,P187,Clothing,4,133,532,PayPal,South
ORD1108,2023-04-19,CUST89,P141,Clothing,2,115,230,Debit Card,East
ORD1109,2023-04-20,CUST151,P198,Electronics,3,167,501,PayPal,East
ORD1110,2023-04-21,CUST77,P199,Books,4,156,624,UPI,South
ORD1111,2023-04-22,CUST164,P107,Sports,3,154,462,UPI,North
ORD1112,2023-04-23,CUST109,P129,Sports,4,129,516,Debit Card,West
ORD1113,2023-04-24,CUST177,P104,Sports,2,328,656,UPI,South
ORD1114,2023-04-25,CUST65,P140,Books,3,284,852,PayPal,South
ORD1115,2023-04-26,CUST117,P151,Clothing,4,101,404,Debit Card,West
ORD1116,2023-04-27,CUST78,P134,Sports,1,67,67,Debit Card,East
ORD1117,2023-04-28,CUST51,P108,Books,2,448,896,Credit Card,East
ORD1118,2023-04-29,CUST99,P127,Home,4,355,1420,Credit Card,East
ORD1119,2023-04-30,CUST124,P172,Home,1,238,238,Credit Card,East
ORD1120,2023-05-01,CUST28,P191,Sports,4,483,1932,UPI,North
ORD1121,2023-05-02,CUST61,P140,Electronics,1,126,126,Debit Card,North
ORD1122,2023-05-03,CUST98,P127,Electronics,2,327,654,PayPal,East
ORD1123,2023-05-04,CUST147,P183,Home,3,288,864,PayPal,North
ORD1124,2023-05-05,CUST92,P163,Home,1,136,136,Credit Card,West
ORD1125,2023-05-06,CUST148,P150,Home,4,402,1608,Credit Card,South
ORD1126,2023-05-07,CUST76,P182,Clothing,2,405,810,Debit Card,South
ORD1127,2023-05-08,CUST180,P158,Books,1,138,138,Debit Card,North
ORD1128,2023-05-09,CUST76,P118,Home,4,67,268,PayPal,East
ORD1129,2023-05-10,CUST6,P133,Sports,4,131,524,Credit Card,South
ORD1130,2023-05-11,CUST169,P117,Sports,4,10,40,Debit Card,South
ORD1131,2023-05-12,CUST102,P131,Home,1,248,248,Debit Card,West
ORD1132,2023-05-13,CUST71,P195,Sports,1,299,299,Debit Card,West
ORD1133,2023-05-14,CUST3,P171,Home,1,105,105,Debit Card,South
ORD1134,2023-05-15,CUST145,P168,Electronics,3,135,405,PayPal,North
ORD1135,2023-05-16,CUST176,P133,Sports,1,127,127,UPI,East
ORD1136,2023-05-17,CUST200,P195,Home,1,57,57,PayPal,South
ORD1137,2023-05-18,CUST191,P174,Books,1,98,98,Credit Card,West
ORD1138,2023-05-19,CUST13,P154,Sports,3,497,1491,Credit Card,West
ORD1139,2023-05-20,CUST156,P174,Clothing,1,246,246,PayPal,West
ORD1140,2023-05-21,CUST191,P151,Books,4,382,1528,Debit Card,West
ORD1141,2023-05-22,CUST128,P146,Home,1,394,394,PayPal,South
ORD1142,2023-05-23,CUST74,P128,Clothing,4,281,1124,PayPal,South
ORD1143,2023-05-24,CUST199,P117,Home,4,198,792,UPI,East
ORD1144,2023-05-25,CUST59,P165,Books,4,496,1984,UPI,South
ORD1145,2023-05-26,CUST156,P163,Clothing,3,201,603,Debit Card,South
ORD1146,2023-05-27,CUST91,P111,Clothing,3,456,1368,PayPal,South
ORD1147,2023-05-28,CUST57,P196,Sports,3,78,234,Credit Card,South
ORD1148,2023-05-29,CUST163,P106,Electronics,1,287,287,Debit Card,North
ORD1149,2023-05-30,CUST49,P114,Electronics,4,358,1432,UPI,East
ORD1150,2023-05-31,CUST159,P119,Clothing,3,256,768,PayPal,West
ORD1151,2023-06-01,CUST65,P180,Electronics,3,460,1380,Debit Card,East
ORD1152,2023-06-02,CUST174,P120,Clothing,1,85,85,PayPal,North
ORD1153,2023-06-03,CUST194,P187,Home,3,163,489,UPI,East
ORD1154,2023-06-04,CUST185,P154,Clothing,1,153,153,Debit Card,East
ORD1155,2023-06-05,CUST197,P176,Home,2,444,888,Debit Card,North
ORD1156,2023-06-06,CUST169,P108,Electronics,3,494,1482,UPI,East
ORD1157,2023-06-07,CUST175,P149,Sports,2,95,190,UPI,East
ORD1158,2023-06-08,CUST36,P148,Clothing,1,194,194,PayPal,East
ORD1159,2023-06-09,CUST161,P176,Books,4,294,1176,UPI,North
ORD1160,2023-06-10,CUST25,P159,Sports,3,471,1413,PayPal,South
ORD1161,2023-06-11,CUST161,P167,Electronics,1,229,229,PayPal,East
ORD1162,2023-06-12,CUST166,P132,Sports,4,78,312,PayPal,North
ORD1163,2023-06-13,CUST11,P170,Home,4,56,224,PayPal,West
ORD1164,2023-06-14,CUST80,P101,Home,2,103,206,Debit Card,North
ORD1165,2023-06-15,CUST113,P187,Sports,1,247,247,Debit Card,East
ORD1166,2023-06-16,CUST9,P192,Clothing,4,455,1820,Debit Card,West
ORD1167,2023-06-17,CUST149,P114,Clothing,3,462,1386,Credit Card,South
ORD1168,2023-06-18,CUST94,P187,Sports,3,213,639,Credit Card,West
ORD1169,2023-06-19,CUST188,P168,Sports,2,409,818,UPI,West
ORD1170,2023-06-20,CUST34,P196,Home,4,227,908,Debit Card,South
ORD1171,2023-06-21,CUST24,P134,Books,1,483,483,Credit Card,North
ORD1172,2023-06-22,CUST76,P198,Books,3,441,1323,Credit Card,West
ORD1173,2023-06-23,CUST84,P182,Sports,4,350,1400,Credit Card,South
ORD1174,2023-06-24,CUST192,P143,Home,4,48,192,UPI,East
ORD1175,2023-06-25,CUST107,P114,Clothing,2,109,218,Credit Card,West
ORD1176,2023-06-26,CUST45,P137,Home,3,298,894,UPI,North
ORD1177,2023-06-27,CUST52,P155,Clothing,3,263,789,UPI,East
ORD1178,2023-06-28,CUST34,P120,Books,1,231,231,UPI,East
ORD1179,2023-06-29,CUST139,P158,Books,3,366,1098,Credit Card,East
ORD1180,2023-06-30,CUST94,P100,Books,1,32,32,Debit Card,West
ORD1181,2023-07-01,CUST136,P192,Sports,3,259,777,UPI,West
ORD1182,2023-07-02,CUST129,P192,Sports,2,19,38,Credit Card,North
ORD1183,2023-07-03,CUST70,P133,Sports,3,255,765,Debit Card,West
ORD1184,2023-07-04,CUST43,P164,Home,1,334,334,Credit Card,North
ORD1185,2023-07-05,CUST66,P197,Sports,1,109,109,UPI,West
ORD1186,2023-07-06,CUST124,P122,Home,2,299,598,UPI,West
ORD1187,2023-07-07,CUST76,P164,Books,3,189,567,UPI,South
ORD1188,2023-07-08,CUST192,P113,Electronics,3,232,696,Credit Card,South
ORD1189,2023-07-09,CUST87,P180,Home,2,403,806,Debit Card,West
ORD1190,2023-07-10,CUST30,P138,Sports,3,259,777,Debit Card,West
ORD1191,2023-07-11,CUST120,P181,Electronics,3,156,468,PayPal,West
ORD1192,2023-07-12,CUST20,P164,Clothing,1,451,451,Credit Card,West
ORD1193,2023-07-13,CUST37,P177,Clothing,3,105,315,Debit Card,North
ORD1194,2023-07-14,CUST194,P125,Home,3,266,798,Debit Card,East
ORD1195,2023-07-15,CUST58,P119,Clothing,2,334,668,PayPal,North
ORD1196,2023-07-16,CUST174,P147,Sports,2,13,26,Debit Card,West
ORD1197,2023-07-17,CUST186,P197,Clothing,4,25,100,PayPal,South
ORD1198,2023-07-18,CUST173,P120,Sports,1,289,289,Debit Card,West
ORD1199,2023-07-19,CUST102,P169,Home,3,345,1035,UPI,East
ORD1200,2023-07-20,CUST143,P199,Sports,3,256,768,Debit Card,South
ORD1201,2023-07-21,CUST94,P167,Home,4,267,1068,UPI,West
ORD1202,2023-07-22,CUST24,P100,Books,3,485,1455,Debit Card,West
ORD1203,2023-07-23,CUST102,P176,Electronics,1,393,393,UPI,South
ORD1204,2023-07-24,CUST4,P141,Sports,4,169,676,UPI,North
ORD1205,2023-07-25,CUST68,P162,Clothing,1,484,484,Debit Card,North
ORD1206,2023-07-26,CUST138,P102,Electronics,4,349,1396,Debit Card,North
ORD1207,2023-07-27,CUST32,P114,Sports,4,161,644,Debit Card,South
ORD1208,2023-07-28,CUST117,P146,Electronics,2,405,810,PayPal,South
ORD1209,2023-07-29,CUST95,P139,Electronics,1,187,187,UPI,North
ORD1210,2023-07-30,CUST173,P130,Clothing,3,172,516,UPI,East
ORD1211,2023-07-31,CUST192,P107,Sports,3,389,1167,UPI,West
ORD1212,2023-08-01,CUST173,P130,Books,1,42,42,Credit Card,East
ORD1213,2023-08-02,CUST68,P172,Clothing,3,426,1278,Debit Card,West
ORD1214,2023-08-03,CUST150,P110,Home,3,454,1362,PayPal,North
ORD1215,2023-08-04,CUST98,P110,Electronics,1,188,188,UPI,West
ORD1216,2023-08-05,CUST164,P193,Sports,4,436,1744,PayPal,West
ORD1217,2023-08-06,CUST96,P162,Home,1,110,110,Credit Card,West
ORD1218,2023-08-07,CUST28,P108,Clothing,4,277,1108,UPI,East
ORD1219,2023-08-08,CUST173,P197,Clothing,3,332,996,UPI,North
ORD1220,2023-08-09,CUST60,P168,Books,3,74,222,Debit Card,East
ORD1221,2023-08-10,CUST121,P198,Sports,3,426,1278,UPI,North
ORD1222,2023-08-11,CUST7,P116,Books,2,177,354,Debit Card,North
ORD1223,2023-08-12,CUST159,P116,Books,4,339,1356,UPI,South
ORD1224,2023-08-13,CUST144,P184,Electronics,2,52,104,Credit Card,North
ORD1225,2023-08-14,CUST84,P160,Clothing,2,53,106,Debit Card,South
ORD1226,2023-08-15,CUST157,P170,Home,1,294,294,UPI,North
ORD1227,2023-08-16,CUST57,P121,Sports,2,406,812,Credit Card,West
ORD1228,2023-08-17,CUST166,P133,Home,1,21,21,Debit Card,West
ORD1229,2023-08-18,CUST17,P167,Sports,1,104,104,Debit Card,South
ORD1230,2023-08-19,CUST163,P177,Clothing,2,311,622,Credit Card,East
ORD1231,2023-08-20,CUST119,P154,Sports,4,395,1580,Credit Card,North
ORD1232,2023-08-21,CUST180,P127,Electronics,4,262,1048,PayPal,East
ORD1233,2023-08-22,CUST78,P169,Home,4,251,1004,Credit Card,East
ORD1234,2023-08-23,CUST167,P196,Sports,4,44,176,UPI,North
ORD1235,2023-08-24,CUST105,P193,Clothing,4,224,896,Debit Card,North
ORD1236,2023-08-25,CUST30,P188,Books,2,346,692,Credit Card,South
ORD1237,2023-08-26,CUST36,P125,Clothing,2,99,198,UPI,South
ORD1238,2023-08-27,CUST12,P191,Books,3,273,819,UPI,East
ORD1239,2023-08-28,CUST10,P139,Sports,4,102,408,PayPal,West
ORD1240,2023-08-29,CUST78,P151,Books,2,419,838,UPI,East
ORD1241,2023-08-30,CUST127,P185,Home,3,467,1401,Credit Card,South
ORD1242,2023-08-31,CUST30,P183,Electronics,4,99,396,Debit Card,North
ORD1243,2023-09-01,CUST25,P147,Home,1,427,427,UPI,West
ORD1244,2023-09-02,CUST61,P156,Books,3,124,372,PayPal,South
ORD1245,2023-09-03,CUST138,P166,Electronics,2,114,228,Credit Card,East
ORD1246,2023-09-04,CUST35,P157,Books,1,400,400,PayPal,North
ORD1247,2023-09-05,CUST100,P115,Electronics,1,205,205,Debit Card,North
ORD1248,2023-09-06,CUST117,P131,Home,1,323,323,Credit Card,North
ORD1249,2023-09-07,CUST95,P128,Home,3,123,369,Credit Card,East
ORD1250,2023-09-08,CUST172,P108,Home,2,84,168,Debit Card,East
ORD1251,2023-09-09,CUST191,P143,Clothing,1,422,422,UPI,South
ORD1252,2023-09-10,CUST179,P102,Sports,4,385,1540,PayPal,East
ORD1253,2023-09-11,CUST139,P175,Home,1,429,429,PayPal,South
ORD1254,2023-09-12,CUST108,P170,Electronics,1,226,226,PayPal,East
ORD1255,2023-09-13,CUST151,P129,Electronics,3,286,858,Credit Card,East
ORD1256,2023-09-14,CUST191,P175,Home,3,258,774,Debit Card,North
ORD1257,2023-09-15,CUST187,P128,Books,2,173,346,Debit Card,North
ORD1258,2023-09-16,CUST40,P100,Books,4,403,1612,Credit Card,West
ORD1259,2023-09-17,CUST107,P109,Sports,3,366,1098,Debit Card,West
ORD1260,2023-09-18,CUST168,P190,Books,1,466,466,UPI,North
ORD1261,2023-09-19,CUST26,P180,Home,2,417,834,Debit Card,South
ORD1262,2023-09-20,CUST126,P107,Sports,1,201,201,Credit Card,East
ORD1263,2023-09-21,CUST158,P129,Home,1,236,236,UPI,North
ORD1264,2023-09-22,CUST105,P108,Clothing,3,186,558,PayPal,East
ORD1265,2023-09-23,CUST72,P104,Clothing,2,108,216,Credit Card,North
ORD1266,2023-09-24,CUST9,P142,Sports,4,45,180,PayPal,East
ORD1267,2023-09-25,CUST177,P109,Clothing,4,475,1900,Credit Card,East
ORD1268,2023-09-26,CUST95,P165,Home,3,496,1488,Credit Card,East
ORD1269,2023-09-27,CUST56,P130,Books,3,105,315,Debit Card,North
ORD1270,2023-09-28,CUST114,P135,Home,2,161,322,PayPal,South
ORD1271,2023-09-29,CUST114,P185,Books,4,160,640,Credit Card,East
ORD1272,2023-09-30,CUST61,P162,Clothing,4,199,796,Debit Card,North
ORD1273,2023-10-01,CUST93,P127,Home,4,233,932,PayPal,North
ORD1274,2023-10-02,CUST26,P169,Clothing,1,46,46,Credit Card,East
ORD1275,2023-10-03,CUST176,P116,Home,4,277,1108,UPI,North
ORD1276,2023-10-04,CUST95,P192,Clothing,1,378,378,Credit Card,East
ORD1277,2023-10-05,CUST140,P173,Clothing,2,192,384,PayPal,West
ORD1278,2023-10-06,CUST166,P173,Clothing,1,22,22,PayPal,South
ORD1279,2023-10-07,CUST92,P160,Home,2,288,576,UPI,East
ORD1280,2023-10-08,CUST16,P131,Sports,4,226,904,PayPal,South
ORD1281,2023-10-09,CUST102,P160,Home,4,364,1456,Debit Card,North
ORD1282,2023-10-10,CUST71,P152,Home,2,370,740,Debit Card,South
ORD1283,2023-10-11,CUST49,P124,Electronics,3,295,885,PayPal,West
ORD1284,2023-10-12,CUST32,P112,Clothing,2,282,564,UPI,East
ORD1285,2023-10-13,CUST117,P112,Home,3,378,1134,Debit Card,South
ORD1286,2023-10-14,CUST24,P184,Home,1,71,71,Credit Card,West
ORD1287,2023-10-15,CUST170,P155,Clothing,1,93,93,UPI,East
ORD1288,2023-10-16,CUST55,P145,Home,1,377,377,Debit Card,East
ORD1289,2023-10-17,CUST165,P154,Books,4,226,904,PayPal,North
ORD1290,2023-10-18,CUST164,P152,Home,1,351,351,PayPal,South
ORD1291,2023-10-19,CUST153,P159,Electronics,3,406,1218,UPI,North
ORD1292,2023-10-20,CUST6,P193,Clothing,1,196,196,PayPal,West
ORD1293,2023-10-21,CUST13,P106,Home,2,28,56,Debit Card,West
ORD1294,2023-10-22,CUST86,P186,Clothing,2,186,372,Credit Card,North
ORD1295,2023-10-23,CUST63,P183,Books,4,109,436,PayPal,West
ORD1296,2023-10-24,CUST33,P182,Clothing,2,405,810,UPI,North
ORD1297,2023-10-25,CUST145,P112,Home,3,454,1362,Credit Card,South
ORD1298,2023-10-26,CUST53,P107,Clothing,1,242,242,UPI,West
ORD1299,2023-10-27,CUST18,P151,Sports,4,412,1648,Debit Card,West
ORD1300,2023-10-28,CUST196,P193,Home,1,85,85,PayPal,West
ORD1301,2023-10-29,CUST142,P143,Clothing,1,274,274,PayPal,East
ORD1302,2023-10-30,CUST54,P113,Home,3,464,1392,UPI,South
ORD1303,2023-10-31,CUST151,P131,Clothing,2,293,586,Credit Card,West
ORD1304,2023-11-01,CUST56,P124,Clothing,2,215,430,UPI,South
ORD1305,2023-11-02,CUST60,P124,Books,1,232,232,Debit Card,West
ORD1306,2023-11-03,CUST85,P168,Clothing,4,393,1572,Debit Card,West
ORD1307,2023-11-04,CUST199,P157,Books,2,61,122,Credit Card,South
ORD1308,2023-11-05,CUST38,P117,Sports,4,348,1392,Credit Card,East
ORD1309,2023-11-06,CUST153,P154,Books,2,376,752,Credit Card,East
ORD1310,2023-11-07,CUST1,P123,Electronics,4,153,612,UPI,East
ORD1311,2023-11-08,CUST71,P135,Books,3,382,1146,PayPal,East
ORD1312,2023-11-09,CUST38,P159,Clothing,4,78,312,UPI,South
ORD1313,2023-11-10,CUST34,P131,Home,3,108,324,PayPal,North
ORD1314,2023-11-11,CUST139,P109,Books,3,405,1215,Debit Card,East
ORD1315,2023-11-12,CUST65,P156,Home,4,34,136,UPI,East
ORD1316,2023-11-13,CUST45,P170,Sports,3,445,1335,Credit Card,East
ORD1317,2023-11-14,CUST29,P112,Sports,1,388,388,Debit Card,North
ORD1318,2023-11-15,CUST170,P106,Clothing,3,478,1434,UPI,North
ORD1319,2023-11-16,CUST7,P183,Clothing,2,493,986,UPI,North
ORD1320,2023-11-17,CUST34,P169,Clothing,4,62,248,Debit Card,South
ORD1321,2023-11-18,CUST4,P101,Books,1,160,160,Credit Card,East
ORD1322,2023-11-19,CUST92,P111,Electronics,4,153,612,Debit Card,East
ORD1323,2023-11-20,CUST61,P196,Electronics,2,66,132,UPI,East
ORD1324,2023-11-21,CUST151,P130,Electronics,2,48,96,PayPal,West
ORD1325,2023-11-22,CUST83,P121,Clothing,2,118,236,UPI,North
ORD1326,2023-11-23,CUST5,P152,Sports,3,190,570,Debit Card,South
ORD1327,2023-11-24,CUST45,P162,Books,3,51,153,UPI,South
ORD1328,2023-11-25,CUST68,P161,Books,4,195,780,Debit Card,West
ORD1329,2023-11-26,CUST14,P127,Electronics,4,432,1728,Debit Card,East
ORD1330,2023-11-27,CUST33,P151,Electronics,1,407,407,UPI,North
ORD1331,2023-11-28,CUST190,P107,Clothing,1,232,232,PayPal,West
ORD1332,2023-11-29,CUST108,P121,Home,4,131,524,UPI,South
ORD1333,2023-11-30,CUST135,P148,Clothing,3,142,426,PayPal,West
ORD1334,2023-12-01,CUST30,P100,Sports,2,172,344,Credit Card,West
ORD1335,2023-12-02,CUST191,P149,Clothing,4,224,896,PayPal,North
ORD1336,2023-12-03,CUST17,P133,Sports,1,230,230,UPI,North
ORD1337,2023-12-04,CUST122,P158,Electronics,3,244,732,PayPal,North
ORD1338,2023-12-05,CUST115,P136,Electronics,4,340,1360,Debit Card,North
ORD1339,2023-12-06,CUST200,P154,Home,4,155,620,Credit Card,East
ORD1340,2023-12-07,CUST93,P189,Home,3,248,744,PayPal,East
ORD1341,2023-12-08,CUST132,P193,Books,4,85,340,Debit Card,North
ORD1342,2023-12-09,CUST152,P171,Electronics,3,18,54,PayPal,East
ORD1343,2023-12-10,CUST28,P184,Sports,2,83,166,Debit Card,South
ORD1344,2023-12-11,CUST116,P191,Sports,3,451,1353,PayPal,North
ORD1345,2023-12-12,CUST129,P162,Electronics,3,410,1230,Debit Card,North
ORD1346,2023-12-13,CUST57,P119,Clothing,3,262,786,Credit Card,West
ORD1347,2023-12-14,CUST158,P124,Home,4,239,956,UPI,North
ORD1348,2023-12-15,CUST12,P137,Home,4,16,64,Debit Card,East
ORD1349,2023-12-16,CUST187,P127,Home,3,183,549,UPI,South
ORD1350,2023-12-17,CUST169,P107,Books,4,150,600,Debit Card,West
ORD1351,2023-12-18,CUST134,P174,Books,1,177,177,UPI,East
ORD1352,2023-12-19,CUST78,P194,Clothing,1,179,179,UPI,South
ORD1353,2023-12-20,CUST118,P169,Sports,4,402,1608,Credit Card,East
ORD1354,2023-12-21,CUST165,P107,Clothing,4,443,1772,PayPal,East
ORD1355,2023-12-22,CUST8,P195,Home,3,292,876,Debit Card,South
ORD1356,2023-12-23,CUST16,P140,Home,2,131,262,UPI,South
ORD1357,2023-12-24,CUST123,P107,Home,4,203,812,PayPal,North
ORD1358,2023-12-25,CUST103,P106,Electronics,1,14,14,UPI,East
ORD1359,2023-12-26,CUST110,P174,Sports,3,38,114,Credit Card,North
ORD1360,2023-12-27,CUST176,P161,Electronics,4,174,696,PayPal,South
ORD1361,2023-12-28,CUST28,P164,Books,1,431,431,UPI,North
ORD1362,2023-12-29,CUST126,P167,Books,1,348,348,Credit Card,West
ORD1363,2023-12-30,CUST183,P120,Clothing,2,145,290,Credit Card,West
ORD1364,2023-12-31,CUST114,P107,Electronics,3,374,1122,UPI,West
ORD1365,2024-01-01,CUST19,P165,Clothing,3,330,990,Debit Card,East
ORD1366,2024-01-02,CUST21,P110,Home,2,351,702,Debit Card,South
ORD1367,2024-01-03,CUST83,P123,Electronics,2,154,308,PayPal,South
ORD1368,2024-01-04,CUST156,P108,Home,3,336,1008,PayPal,West
ORD1369,2024-01-05,CUST38,P176,Books,3,226,678,PayPal,West
ORD1370,2024-01-06,CUST17,P108,Home,4,310,1240,UPI,East
ORD1371,2024-01-07,CUST33,P186,Electronics,4,141,564,Debit Card,West
ORD1372,2024-01-08,CUST71,P130,Clothing,2,301,602,UPI,South
ORD1373,2024-01-09,CUST160,P151,Clothing,4,79,316,PayPal,South
ORD1374,2024-01-10,CUST163,P115,Sports,1,261,261,PayPal,North
ORD1375,2024-01-11,CUST150,P172,Electronics,4,424,1696,Debit Card,South
ORD1376,2024-01-12,CUST141,P131,Clothing,4,284,1136,PayPal,West
ORD1377,2024-01-13,CUST183,P174,Clothing,1,454,454,Credit Card,South
ORD1378,2024-01-14,CUST84,P176,Books,2,373,746,Credit Card,West
ORD1379,2024-01-15,CUST98,P105,Home,1,191,191,PayPal,South
ORD1380,2024-01-16,CUST153,P179,Sports,4,176,704,Debit Card,East
ORD1381,2024-01-17,CUST136,P110,Electronics,2,100,200,Debit Card,West
ORD1382,2024-01-18,CUST76,P153,Electronics,4,211,844,PayPal,West
ORD1383,2024-01-19,CUST117,P184,Clothing,1,355,355,Debit Card,East
ORD1384,2024-01-20,CUST130,P174,Electronics,1,28,28,Debit Card,West
ORD1385,2024-01-21,CUST155,P172,Clothing,4,48,192,Debit Card,East
ORD1386,2024-01-22,CUST111,P166,Electronics,3,135,405,UPI,North
ORD1387,2024-01-23,CUST26,P140,Electronics,3,460,1380,Debit Card,North
ORD1388,2024-01-24,CUST180,P133,Books,1,182,182,UPI,North
ORD1389,2024-01-25,CUST30,P126,Home,1,150,150,Debit Card,East
ORD1390,2024-01-26,CUST168,P185,Sports,3,251,753,Credit Card,West
ORD1391,2024-01-27,CUST167,P191,Sports,3,229,687,UPI,West
ORD1392,2024-01-28,CUST197,P140,Home,4,135,540,Debit Card,North
ORD1393,2024-01-29,CUST142,P130,Home,4,67,268,UPI,East
ORD1394,2024-01-30,CUST185,P133,Clothing,3,157,471,Debit Card,North
ORD1395,2024-01-31,CUST56,P150,Home,4,485,1940,Credit Card,South
ORD1396,2024-02-01,CUST111,P116,Clothing,4,465,1860,PayPal,East
ORD1397,2024-02-02,CUST116,P185,Home,2,326,652,UPI,East
ORD1398,2024-02-03,CUST59,P182,Home,4,392,1568,Debit Card,West
ORD1399,2024-02-04,CUST106,P138,Home,1,370,370,Debit Card,North
ORD1400,2024-02-05,CUST87,P158,Sports,4,432,1728,Credit Card,West
ORD1401,2024-02-06,CUST117,P140,Books,4,10,40,PayPal,East
ORD1402,2024-02-07,CUST103,P196,Books,3,396,1188,UPI,East
ORD1403,2024-02-08,CUST107,P109,Electronics,1,470,470,UPI,South
ORD1404,2024-02-09,CUST187,P101,Clothing,4,357,1428,PayPal,West
ORD1405,2024-02-10,CUST25,P158,Books,4,199,796,UPI,South
ORD1406,2024-02-11,CUST81,P179,Sports,2,200,400,PayPal,West
ORD1407,2024-02-12,CUST110,P172,Home,4,378,1512,UPI,North
ORD1408,2024-02-13,CUST81,P112,Electronics,4,418,1672,PayPal,West
ORD1409,2024-02-14,CUST171,P109,Books,2,321,642,Credit Card,West
ORD1410,2024-02-15,CUST66,P168,Sports,3,426,1278,Credit Card,North
ORD1411,2024-02-16,CUST96,P127,Home,4,431,1724,Credit Card,West
ORD1412,2024-02-17,CUST40,P164,Books,2,126,252,UPI,South
ORD1413,2024-02-18,CUST176,P133,Electronics,1,143,143,Credit Card,North
ORD1414,2024-02-19,CUST122,P116,Home,3,67,201,PayPal,East
ORD1415,2024-02-20,CUST18,P144,Home,1,53,53,Debit Card,North
ORD1416,2024-02-21,CUST24,P108,Clothing,1,182,182,UPI,West
ORD1417,2024-02-22,CUST22,P131,Sports,2,169,338,PayPal,East
ORD1418,2024-02-23,CUST24,P147,Home,4,182,728,PayPal,West
ORD1419,2024-02-24,CUST111,P136,Sports,2,326,652,Credit Card,South
ORD1420,2024-02-25,CUST25,P120,Sports,2,312,624,Debit Card,East
ORD1421,2024-02-26,CUST191,P156,Home,2,158,316,UPI,South
ORD1422,2024-02-27,CUST190,P169,Home,2,89,178,PayPal,South
ORD1423,2024-02-28,CUST96,P190,Clothing,3,383,1149,PayPal,East
ORD1424,2024-02-29,CUST34,P138,Electronics,4,222,888,UPI,South
ORD1425,2024-03-01,CUST143,P178,Electronics,1,212,212,UPI,North
ORD1426,2024-03-02,CUST16,P183,Home,1,261,261,Credit Card,West
ORD1427,2024-03-03,CUST151,P167,Home,4,238,952,UPI,South
ORD1428,2024-03-04,CUST144,P101,Books,1,173,173,PayPal,West
ORD1429,2024-03-05,CUST144,P185,Home,4,236,944,Debit Card,West
ORD1430,2024-03-06,CUST85,P170,Books,1,156,156,PayPal,South
ORD1431,2024-03-07,CUST172,P138,Electronics,2,29,58,Debit Card,South
ORD1432,2024-03-08,CUST32,P184,Electronics,1,450,450,UPI,East
ORD1433,2024-03-09,CUST106,P113,Clothing,4,411,1644,UPI,North
ORD1434,2024-03-10,CUST91,P117,Electronics,4,56,224,PayPal,North
ORD1435,2024-03-11,CUST171,P133,Books,4,242,968,Credit Card,South
ORD1436,2024-03-12,CUST193,P114,Sports,4,314,1256,UPI,West
ORD1437,2024-03-13,CUST109,P113,Sports,4,23,92,Debit Card,East
ORD1438,2024-03-14,CUST185,P195,Electronics,3,152,456,UPI,South
ORD1439,2024-03-15,CUST14,P170,Sports,3,424,1272,Credit Card,North
ORD1440,2024-03-16,CUST74,P119,Home,1,10,10,Credit Card,South
ORD1441,2024-03-17,CUST154,P134,Electronics,4,382,1528,Credit Card,South
ORD1442,2024-03-18,CUST80,P136,Home,1,63,63,Credit Card,West
ORD1443,2024-03-19,CUST91,P177,Books,4,383,1532,Debit Card,South
ORD1444,2024-03-20,CUST27,P126,Home,4,268,1072,PayPal,East
ORD1445,2024-03-21,CUST148,P191,Home,3,153,459,Debit Card,East
ORD1446,2024-03-22,CUST130,P143,Electronics,3,480,1440,UPI,South
ORD1447,2024-03-23,CUST55,P126,Clothing,2,450,900,UPI,West
ORD1448,2024-03-24,CUST40,P187,Electronics,3,468,1404,UPI,West
ORD1449,2024-03-25,CUST169,P181,Clothing,2,21,42,Debit Card,East
ORD1450,2024-03-26,CUST124,P133,Sports,2,339,678,PayPal,South
ORD1451,2024-03-27,CUST58,P164,Home,2,233,466,PayPal,North
ORD1452,2024-03-28,CUST28,P162,Electronics,2,281,562,Credit Card,West
ORD1453,2024-03-29,CUST90,P132,Books,2,465,930,Debit Card,North
ORD1454,2024-03-30,CUST143,P106,Books,1,367,367,PayPal,East
ORD1455,2024-03-31,CUST95,P111,Books,3,469,1407,PayPal,South
ORD1456,2024-04-01,CUST30,P181,Clothing,2,417,834,Credit Card,West
ORD1457,2024-04-02,CUST196,P154,Electronics,4,165,660,UPI,East
ORD1458,2024-04-03,CUST72,P135,Home,3,382,1146,Credit Card,East
ORD1459,2024-04-04,CUST147,P105,Clothing,3,17,51,PayPal,North
ORD1460,2024-04-05,CUST58,P100,Sports,2,131,262,PayPal,North
ORD1461,2024-04-06,CUST110,P142,Electronics,1,357,357,PayPal,West
ORD1462,2024-04-07,CUST144,P198,Sports,2,173,346,UPI,West
ORD1463,2024-04-08,CUST197,P116,Books,1,99,99,PayPal,East
ORD1464,2024-04-09,CUST160,P181,Electronics,4,145,580,UPI,West
ORD1465,2024-04-10,CUST158,P133,Sports,3,195,585,Credit Card,South
ORD1466,2024-04-11,CUST173,P120,Clothing,4,325,1300,Credit Card,West
ORD1467,2024-04-12,CUST165,P194,Books,1,187,187,PayPal,North
ORD1468,2024-04-13,CUST143,P156,Home,1,37,37,PayPal,East
ORD1469,2024-04-14,CUST7,P170,Home,4,229,916,PayPal,North
ORD1470,2024-04-15,CUST156,P190,Home,1,366,366,UPI,East
ORD1471,2024-04-16,CUST169,P154,Home,4,50,200,Debit Card,South
ORD1472,2024-04-17,CUST178,P171,Electronics,3,237,711,PayPal,East
ORD1473,2024-04-18,CUST69,P101,Electronics,4,201,804,Debit Card,East
ORD1474,2024-04-19,CUST8,P114,Home,3,420,1260,PayPal,East
ORD1475,2024-04-20,CUST47,P109,Books,4,456,1824,Debit Card,South
ORD1476,2024-04-21,CUST70,P188,Electronics,1,154,154,UPI,South
ORD1477,2024-04-22,CUST180,P119,Electronics,4,210,840,Debit Card,North
ORD1478,2024-04-23,CUST196,P169,Books,1,426,426,UPI,East
ORD1479,2024-04-24,CUST80,P104,Sports,4,221,884,PayPal,North
ORD1480,2024-04-25,CUST87,P147,Clothing,4,470,1880,Debit Card,East
ORD1481,2024-04-26,CUST90,P174,Books,2,229,458,Credit Card,South
ORD1482,2024-04-27,CUST2,P170,Clothing,1,249,249,Credit Card,West
ORD1483,2024-04-28,CUST47,P118,Electronics,2,422,844,Debit Card,North
ORD1484,2024-04-29,CUST37,P155,Books,1,406,406,Debit Card,West
ORD1485,2024-04-30,CUST145,P116,Sports,2,55,110,Credit Card,East
ORD1486,2024-05-01,CUST169,P105,Home,3,44,132,PayPal,West
ORD1487,2024-05-02,CUST103,P139,Books,4,262,1048,Debit Card,West
ORD1488,2024-05-03,CUST18,P146,Sports,1,399,399,PayPal,North
ORD1489,2024-05-04,CUST37,P105,Home,1,91,91,PayPal,North
ORD1490,2024-05-05,CUST190,P145,Home,4,380,1520,UPI,North
ORD1491,2024-05-06,CUST163,P126,Clothing,1,265,265,UPI,North
ORD1492,2024-05-07,CUST8,P187,Books,1,206,206,Credit Card,East
ORD1493,2024-05-08,CUST24,P131,Clothing,2,312,624,Debit Card,West
ORD1494,2024-05-09,CUST192,P185,Sports,1,418,418,PayPal,South
ORD1495,2024-05-10,CUST136,P113,Sports,3,459,1377,Debit Card,South
ORD1496,2024-05-11,CUST56,P145,Sports,3,19,57,Debit Card,South
ORD1497,2024-05-12,CUST97,P199,Clothing,4,321,1284,Debit Card,South
ORD1498,2024-05-13,CUST108,P171,Clothing,1,295,295,Credit Card,East
ORD1499,2024-05-14,CUST117,P152,Sports,4,251,1004,Credit Card,West
